{
  "chart": {
    "title": "Prevalence rate of obesity in adults",
    "subtitle": "Estimated prevalence of [obesity](#dod:obesity) in adults, based on general population surveys and statistical modeling. Obesity is a [risk factor](#dod:risk-factor) for chronic complications, including [cardiovascular disease](#dod:cvd), and premature death.",
    "note": "To allow for comparisons between countries and over time, this metric is [age-standardized](#dod:age_standardized).",
    "citation": "World Health Organization - Global Health Observatory (2025)",
    "originalChartUrl": "https://ourworldindata.org/grapher/obesity-prevalence-adults-who-gho?v=1&csvType=full&useColumnShortNames=false&utm_source=chatgpt.com",
    "selection": [
      "Europe (WHO)",
      "Africa (WHO)",
      "Americas (WHO)",
      "South-East Asia (WHO)",
      "Western Pacific (WHO)",
      "Eastern Mediterranean (WHO)"
    ]
  },
  "columns": {
    "Prevalence of obesity among adults, BMI >= 30 (age-standardized estimate) (%) - Sex: both sexes - Age group: 18+  years of age": {
      "titleShort": "Prevalence of obesity among adults, BMI >= 30 (age-standardized estimate) (%) - Sex: both sexes - Age group: 18+  years of age",
      "titleLong": "Prevalence of obesity among adults, BMI >= 30 (age-standardized estimate) (%) - Sex: both sexes - Age group: 18+  years of age",
      "descriptionShort": "Percentage of adults aged 18+ years with a body mass index (BMI) of 30 kg/m2 or higher.",
      "unit": "%",
      "timespan": "1990-2022",
      "type": "Numeric",
      "owidVariableId": 1056855,
      "shortName": "prevalence_of_obesity_among_adults__bmi__gt__30__age_standardized_estimate__pct__sex_both_sexes__age_group_18plus__years_of_age",
      "lastUpdated": "2025-05-19",
      "nextUpdate": "2026-05-19",
      "citationShort": "World Health Organization - Global Health Observatory (2025) – processed by Our World in Data",
      "citationLong": "World Health Organization - Global Health Observatory (2025) – processed by Our World in Data. “Prevalence of obesity among adults, BMI >= 30 (age-standardized estimate) (%) - Sex: both sexes - Age group: 18+  years of age” [dataset]. World Health Organization, “Global Health Observatory” [original data].",
      "fullMetadata": "https://api.ourworldindata.org/v1/indicators/1056855.metadata.json"
    }
  },
  "dateDownloaded": "2025-11-05",
  "activeFilters": {}
}